First Name,Last Name,Email,Phone Number
Holly,Greenpoint,holly.greenpoint@corciman.com,(839) 113-6776
Ingrid,Grubman,ingrid.grubman@corciman.com,(783) 461-1827
Tracey Marie,Wilson,traceymarie.wilson@corciman.com,(778) 957-7942
Sarah,Snyder,sarah.snyder@corciman.com,(752) 164-2727
Chris,Cohen,chris.cohen@corciman.com,(185) 899-8370
Susanne,Tager,susanne.tager@corciman.com,(751) 800-2955
Monica,Pisa,monica.pisa@corciman.com,(557) 636-4937
Michele,Pigott,michele.pigott@corciman.com,(936) 575-2638
Salomon,Silver,salomon.silver@corciman.com,(231) 605-7047
Roseann B.,Shepodd,roseannb.shepodd@corciman.com,(849) 328-4235
Amy J.,Beckles,amyj.beckles@corciman.com,(425) 544-9247
Nick,Rand,nick.rand@corciman.com,(722) 625-8671
Lara,Lopez-balboa,lara.lopez-balboa@corciman.com,(879) 659-1902
Francesca,Gat,francesca.gat@corciman.com,(989) 597-7812
Wendy,Ziomek,wendy.ziomek@corciman.com ,(754) 239-9236
Nick,Reiss,nick.reiss@corciman.com,(518) 702-8975
Maurice,Office,maurice.office@corciman.com,(541) 843-6463
Nancy,Preidel,nancy.preidel@corciman.com,(182) 150-2998
Irene,Hammon,irene.hammon@corciman.com,(411) 275-6267
Leighton C.,Martov,leightonc.martov@corciman.com,(271) 583-2321
Nicole,Rettaliata,nicole.rettaliata@corciman.com,(864) 884-7819
Nancy,Posvar,nancy.posvar@corciman.com,(226) 257-6235
Tiffany,Watt,tiffany.watt@corciman.com,(938) 613-3087
Joseph,Kelly,joseph.kelly@corciman.com,(793) 161-9305
Evan F.,Gallery,evanf.gallery@corciman.com,(498) 429-7000
Kelly,Le,kelly.le@corciman.com,(342) 432-8844
William,Zurilo,william.zurilo@corciman.com,(239) 584-5303
Ric J.,Schier,ricj.schier@corciman.com,(465) 600-6275
Marvin,Noyola,marvin.noyola@corciman.com,(313) 746-6868
Ala,Barber,ala.barber@corciman.com,(571) 245-7139
Alisia,Barron,alisia.barron@corciman.com,(455) 590-4532
Ivona,Herzberg,ivona.herzberg@corciman.com,(775) 797-2788
Christina,Cole,christina.cole@corciman.com,(515) 907-3025
Dean,Dietz,dean.dietz@corciman.com,(874) 562-9433
Gregory D.,Gilbride,gregoryd.gilbride@corciman.com,(888) 874-6414
Megan,Ong,megan.ong@corciman.com,(135) 434-1276
Susanne V.,Todd,susannev.todd@corciman.com,(990) 935-2761
Roberta,"Senter, Jr.","roberta.senterjr.@corciman.com",(597) 325-8049
Claudia,Columbia,claudia.columbia@corciman.com,(849) 577-5016
Adam,Balan,adam.balan@corciman.com,(466) 105-4983
Jean T.,Irenshtain,jeant.irenshtain@corciman.com,(665) 915-4096
Kyle,Lonuzzi,kyle.lonuzzi@corciman.com,(783) 931-6900
Merele,Pashby,merele.pashby@corciman.com,(283) 961-6220
Nicholas,Ramlochan,nicholas.ramlochan@corciman.com,(260) 446-8408
Linette,Mccarthy,linette.mccarthy@corciman.com,(907) 746-8318
Stanley,Stark,stanley.stark@corciman.com,(952) 572-7807
Mario,Negron,mario.negron@corciman.com,(743) 223-1874
Marie,Nangle,marie.nangle@corciman.com,(152) 531-1465
Jessica,Johnson,jessica.johnson@corciman.com,(632) 787-1012
Miriam,Piik,miriam.piik@corciman.com,(478) 877-8500
Alan,Barlow,alan.barlow@corciman.com,(654) 347-5645
Amy,Baum,Amy.Baum@corciman.com,(832) 454-7979
Todd,Williams-adkins,todd.williams-adkins@corciman.com,(701) 279-2408
Orly,Rogers,orly.rogers@corciman.com,(226) 395-9458
Tam M.,Van Bourgondien,tamm.vanbourgondien@corciman.com,(134) 738-9988
Joan,Kammerer,joan.kammerer@corciman.com,(811) 520-1220
Steven,Sulfaro,steven.sulfaro@corciman.com,(465) 966-1188
Laurel A.,Manice,laurela.manice@corciman.com,(599) 132-2946
Vickey,Wolf,vickey.wolf@corciman.com,(761) 349-3093
Henze,Gould,henze.gould@corciman.com,(711) 841-9192
Caroline,Castelluccio,caroline.castelluccio@corciman.com,(906) 386-2485
Debbie,Dugan,debbie.dugan@corciman.com,(520) 207-8461
Anat,Bedoya,anat.bedoya@corciman.com,(998) 324-7868
Lily,Matays,lily.matays@corciman.com,(380) 206-7805
Patrick,Russell,patrick.russell@corciman.com,(637) 358-7477
Dennis R.,Ferris,dennisr.ferris@corciman.com,(574) 654-3583
Maurice,Ofer,maurice.ofer@corciman.com,(131) 131-9635
Susanne V.,Tamura,susannev.tamura@corciman.com,(977) 995-9252
Kelly,Le,kelly.le@corciman.com,(478) 487-5649
Flora,Gallery,flora.gallery@corciman.com,(542) 351-2789
Jelena,Iwashiro,jelena.iwashiro@corciman.com,(743) 743-7701
Noble,Rieders,noble.rieders@corciman.com,(678) 662-7793
Dennis,Feldman,dennis.feldman@Corciman.com,(487) 177-5270
Alexander,Barron,alexander.barron@corciman.com,(610) 534-8288
Elyse B.,Fromm,elyseb.fromm@corciman.com,(589) 369-1462
Nina,Rice,nina.rice@corciman.com,(284) 625-2022
Mark,Nielsen,mark.nielsen@corciman.com,(904) 627-2680
Frans,Gavrilov,frans.gavrilov@corciman.com,(969) 628-9357
Enma,Gallery,enma.gallery@corciman.com,(787) 847-4909
Joshua R.,Kenkel,joshuar.kenkel@corciman.com,(844) 849-8093
Carol L.,Carmody,caroll.carmody@corciman.com,(494) 465-3946
Jackie,Hochhauser,jackie.hochhauser@corciman.com,(746) 906-5255
Olivia,Rieders,olivia.rieders@corciman.com,(281) 948-2334
Samantha,Silverman,samantha.silverman@corciman.com,(865) 564-2829
Craig,Dadd,craig.dadd@corciman.com,(906) 839-4681
Gabriel M.,Gefaell,gabrielm.gefaell@corciman.com,(467) 719-6010
Sherry A.,Spitzer,sherrya.spitzer@corciman.com,(188) 835-9976
Jerald R.,James,jeraldr.james@corciman.com,(489) 902-8246
Marie,Nathanson,marie.nathanson@corciman.com,(540) 997-8511
Paul,Saez-fromm,paul.saez-fromm@corciman.com,(496) 247-8312
Cameron,Candler,cameron.candler@corciman.com,(232) 559-5781
Deborah,Dwyer,deborah.dwyer@corciman.com,(415) 370-9945
Bo C.,Bozsik,boc.bozsik@corciman.com,(846) 277-8618
Cary,Center,cary.center@corciman.com,(837) 346-9925
Vicki V.,Wu,vickiv.wu@corciman.com,(952) 765-6470
Paul L.,Sagan,paull.sagan@corciman.com,(255) 322-5319
John,Kann,john.kann@corciman.com,(716) 815-1953
Deanna,Dotan,deanna.dotan@corciman.com,(138) 891-4792
Cathy J.,Chapoteau,cathyj.chapoteau@corciman.com,(318) 251-9048
Brian L.,Buchman,brianl.buchman@corciman.com,(142) 409-6486
Rick,Schmon,rick.schmon@corciman.com,(700) 925-3525
Deborah,Ethridge,deborah.ethridge@corciman.com,(277) 212-7747
Branko,Bromberg,branko.bromberg@corciman.com,(882) 160-3926
Karin A.,Klein,karina.klein@corciman.com,(512) 781-6260
Rowan,Sherwood,rowan.sherwood@corciman.com,(653) 345-7945
Mort,Politi,mort.politi@corciman.com,(118) 335-7521
Deborah,Fakhereddine,deborah.fakhereddine@corciman.com,(565) 683-4995
Ippei,Gutman,ippei.gutman@corciman.com,(652) 293-3990
Barbara M.,Bienstock,barbaram.bienstock@corciman.com,(450) 882-4704
Michael I.,Pigott,michaeli.pigott@corciman.com,(142) 259-5505
Karen,King-brown,karen.king-brown@corciman.com,(686) 247-3961
Lawrence I.,Marshall,lawrencei.marshall@corciman.com,(215) 654-6427
Lynn,Meilus,lynn.meilus@corciman.com,(956) 689-8292
Michael,Pham,michael.pham@corciman.com,(102) 584-6569
Aaron,Babst,aaron.babst@corciman.com,(499) 256-4103
Michael,Phillips,michael.phillips@corciman.com,(950) 958-3883
Justin,Khanna,justin.khanna@corciman.com,(762) 204-8989
Barbara G.,Berger,barbarag.berger@corciman.com,(320) 172-8919
Gavin,Gerber,Gavin.gerber@corciman.com,(222) 170-3015
Toni,Wilson,toni.wilson@corciman.com,(437) 800-1961
Joseph,Kelly,joseph.kelly@corciman.com,(551) 886-7684
Hayim,Gold,hayim.gold@corciman.com,(350) 363-3824
Meris G.,Paula,merisg.paula@corciman.com,(366) 335-6118
Mary,O'halloran,mary.o'halloran@corciman.com,(270) 661-4935
Charlie,Church,charlie.church@corciman.com,(915) 281-7330
Robert M.,Sennish,robertm.sennish@corciman.com,(130) 672-1554
Irine,Hart,irine.hart@corciman.com,(866) 608-9356
Patricia A.,Rudnick,patriciaa.rudnick@corciman.com,(555) 868-5877
Celeste,Chiang,celeste.chiang@corciman.com,(166) 263-3210
John,Katcher,john.katcher@corciman.com,(863) 973-6400
Scheffee,Soleimani,scheffee.soleimani@corciman.com,(468) 265-1104
Kyle,Lituma,kyle.lituma@corciman.com,(245) 275-8344
Salomon,Sikorski,salomon.sikorski@corciman.com,(255) 494-2654
Shirley,Stanand,shirley.stanand@corciman.com,(959) 444-9457
Eileen,Franchini,eileen.franchini@corciman.com,(729) 379-1889
Kelly,Lamorte,kelly.lamorte@corciman.com,(221) 622-4255
Steve,Steward,steve.steward@corciman.com,(913) 567-1261
Evan,Gallery,evanf.gallery@corciman.com,(498) 533-7478
Tim,Wexler,tim.wexler@corciman.com,(502) 806-3001
Tara,Vujanic,tara.vujanic@corciman.com,(192) 789-7414
Israel,Hatoun,israel.hatoun@corciman.com,(128) 978-2474
Tim P.,Wexler,timp.wexler@corciman.com,(237) 637-4249
Daren,Dechter,daren.dechter@corciman.com,(684) 742-4478
Carrie,Cavorti,carrie.cavorti@corciman.com,(117) 297-3673
Fern,Gallery,fern.gallery@corciman.com,(299) 434-1132
Robby,Scott,robby.scott@corciman.com,(695) 922-7153
Jimmy,Kahn,jimmy.kahn@corciman.com,(300) 776-4915
Renee,Sardella,renee.sardella@corciman.com,(974) 514-9385
Stefanie L.,Stephen,stefaniel.stephen@corciman.com,(205) 216-1315
Tami,Vitolo,tami.vitolo@corciman.com,(890) 370-1797
Diane L.,Figari,dianel.figari@corciman.com,(840) 902-4942
Timothy,Williams,timothy.williams@corciman.com,(528) 908-3405
Rick O.,Schoenfeld,ricko.schoenfeld@corciman.com,(977) 798-7312
Vie,Yadgarov,vie.yadgarov@corciman.com,(349) 403-7863
Marlena,Nommaz,marlena.nommaz@corciman.com,(941) 453-2304
Michael,Pick,michael.pick@corciman.com,(142) 196-4181
Patricia,Rosenthal,patricia.rosenthal@corciman.com,(533) 514-8828
Vickey L.,Wood,vickeyl.wood@corciman.com,(350) 598-3222
Dalia,Danielov,dalia.danielov@corciman.com,(730) 127-5556
Nina M.,Richards,ninam.richards@corciman.com,(257) 532-2622
Richard J.,Schier,richardj.schier@corciman.com,(347) 223-5593
Jamie,Hu,jamie.hu@corciman.com,(716) 373-7530
Holly,Grosso,holly.grosso@corciman.com,(613) 129-4614
Charlie,Chu,charlie.chu@corciman.com,(116) 208-3578
Eileen A.,Frank,eileena.frank@corciman.com,(297) 558-2871
Larry,Maasarani,larry.maasarani@corciman.com,(346) 700-4985
Cindy,Columbia,cindy.columbia@corciman.com,(848) 629-9827
Brooke,Budow,brooke.budow@corciman.com,(484) 989-2149
Eva Marie,Gallery,evamarie.gallery@corciman.com,(851) 822-2402
Jeff,Isaacs,jeff.isaacs@corciman.com,(942) 173-9314
Alison,Bass,alison.bass@corciman.com,(297) 832-2022
Chris,Cohen,chris.cohen@corciman.com,(380) 508-7840
Sammy,Simpson,sammy.simpson@corciman.com,(786) 696-4904
Aleksey,Baron,aleksey.baron@corciman.com,(183) 676-3785
Jonathon,Kellert,jonathon.kellert@corciman.com,(277) 331-7747
Robert,Semino,robert.semino@corciman.com,(727) 685-7353
Maria,Milkowski,maria.milkowski@corciman.com,(471) 155-2902
Iva,Hawthorne,iva.hawthorne@corciman.com,(820) 688-5796
Jill,Joseph,jill.joseph@corciman.com,(143) 480-7588
Leslie,Marvin,leslie.marvin@corciman.com,(957) 744-4732
Martha W.,Nowicki,marthaw.nowicki@corciman.com,(164) 630-7258
Edith,Flatow,edith.flatow@corciman.com,(217) 409-9524
Roni,Shawhan,roni.shawhan@corciman.com,(751) 236-7390
Jane Propper,Hughes,janepropper.hughes@corciman.com,(539) 808-4218
Jessica,Joseph,jessica.joseph@corciman.com,(688) 935-5811
Kim,Lemma,kim.lemma@corciman.com,(158) 742-5377
David,Derosa,david.derosa@corciman.com,(833) 200-4619
Laurie,Manon,laurie.manon@corciman.com,(775) 863-7753
Meghan Kelly,Pashby,meghankelly.pashby@corciman.com,(145) 767-9204
Peter,Salton,peter.salton@corciman.com,(425) 181-1244
Kate M.,Kory,katem.kory@corciman.com,(680) 521-2866
Lisa,Meadowsweet,lisa.meadowsweet@corciman.com,(276) 690-8404
Liora,Mcmaster,liora.mcmaster@corciman.com,(549) 549-1127
Ivana,Henning,ivana.henning@corciman.com,(235) 577-9000
Kristin,Leonetti,kristin.leonetti@corciman.com,(761) 789-5551
Barbara,Benalloul,barbara.benalloul@corciman.com,(100) 223-3389
Gabriel,Gavrilova,gabriel.gavrilova@corciman.com,(724) 181-5533
Ileana M.,Group,ileanam.group@corciman.com,(291) 832-8534
Lisa,Mcqueen,lisa.mcqueen@corciman.com,(234) 596-4289
Dana,Dawson,dana.dawson@corciman.com,(943) 267-2673
Robyn H.,Shaoul,robynh.shaoul@corciman.com,(379) 740-4631
Mark R.,Nielsen-saaf,markr.nielsen-saaf@corciman.com,(100) 547-6258
Cara,Caputo,cara.caputo@corciman.com,(702) 378-3750
Daphnee,De Rovira,daphnee.derovira@corciman.com,(369) 407-1482
Lauren,Mannarino,lauren.mannarino@corciman.com,(213) 285-9602
Christina,Cole,christina.cole@corciman.com,(371) 392-4872
Jessica,Johnson,jessica.johnson@corciman.com,(704) 722-1774
Kristina,Levitan,kristina.levitan@corciman.com,(192) 705-4530
Tena,Wallace,tena.wallace@corciman.com,(151) 995-9690
Janet,Ionescu,janet.ionescu@corciman.com,(560) 750-9719
Gio,Gertler,gio.gertler@corciman.com,(907) 302-8201
Wassim,Yoskowitz,wassim.yoskowitz@corciman.com,(557) 437-6229
Bruce,Candler,bruce.candler@corciman.com,(355) 119-7853
Kristina M.,Lilly,kristinam.lilly@corciman.com,(555) 437-8297
Leighton C.,Martov,leightonc.martov@corciman.com,(879) 585-8961
The,Wang,the.wang@corciman.com,(696) 126-4030
Sara,Slattery,sara.slattery@corciman.com,(964) 214-6631
David,Dichne,david.dichne@corciman.com,(847) 308-5429
Linda F.,Mcaleer,lindaf.mcaleer@corciman.com,(915) 492-1209
Paul,Safford,paul.safford@corciman.com,(851) 454-7772
Nestor,Rafello,nestor.rafello@corciman.com,(261) 545-3900
Ivan,Henderson,ivan.henderson@corciman.com,(271) 745-6990
Berit,Blumstein,berit.blumstein@corciman.com,(611) 433-5065
Rajan,Samuel,rajan.samuel@corciman.com,(757) 621-6699
Lena,Martov,lena.martov@corciman.com,(165) 189-5661
Andrew,Bedoya,andrew.bedoya@corciman.com,(194) 788-6356
Beth,Blyumin,beth.blyumin@corciman.com,(408) 490-3825
Paul,Sadownick,paul.sadownick@corciman.com,(490) 255-1814
Maria I.,Morris,mariai.morris@corciman.com,(502) 649-2522
Steve,Street,steve.street@corciman.com,(832) 891-2839
Dennis L.,Ferrante,dennisl.ferrante@corciman.com,(386) 227-1059
Deanna,Dougherty,deanna.dougherty@corciman.com,(601) 907-3491
Deborah L.,Falcone,deborahl.falcone@corciman.com,(414) 284-9793
Kerry,Lee-mills,kerry.lee-mills@corciman.com,(433) 368-1567
Ruth M.,Shuken,ruthm.shuken@corciman.com,(349) 850-5333
Jonathan,Keaton,jonathan.keaton@corciman.com,(885) 697-2525
Marisa P.,Neinast,marisap.neinast@corciman.com,(107) 219-1754
Mark,Newman,mark.newman@corciman.com,(770) 100-7969
Steven Adam,Sussman,stevenadam.sussman@corciman.com,(218) 413-1274
Jill K.,Jour,jillk.jour@corciman.com,(874) 986-2851
Karen,Kitch,karen.kitch@corciman.com,(975) 350-7280
Shelly,Spiros,shelly.spiros@corciman.com,(355) 848-2257
Cathy D.,Chang,cathyd.chang@corciman.com,(256) 610-1478
Tamara,Varvara,tamara.varvara@corciman.com,(624) 231-8577
Sandra,Singer,sandra.singer@corciman.com,(745) 310-3953
Rose Ann,Shenker,roseann.shenker@corciman.com,(816) 994-6112
Suzanne,Torren,suzanne.torren@corciman.com,(795) 160-1682
Derek,Fifth,derek.fifth@corciman.com,(255) 304-2224
Barry,Blau,barry.blau@corciman.com,(180) 945-5141
Waterline,Zeler,waterline.zeler@corciman.com,(169) 230-5866
Carolyn,Castro,carolyn.castro@corciman.com,(298) 343-6821
Julie,Kern,julie.kern@corciman.com,(977) 705-9325
Maria Defatima,Morisawa,mariadefatima.morisawa@corciman.com,(205) 826-6801
Justine,Kim,justine.kim@corciman.com,(748) 803-5489
Debbie,Dubin,debbie.dubin@corciman.com,(784) 657-6883
Heide,Goodman,heide.goodman@corciman.com,(956) 599-7087
Gabriel M.,Gerasmiczyk,gabrielm.gerasmiczyk@corciman.com,(963) 763-6743
Josef,Kelley,josef.kelley@corciman.com,(474) 699-7942
Heather,Goldstein,heather.goldstein@corciman.com,(942) 455-7186
Frank,Gavriani,frank.gavriani@corciman.com,(395) 942-7202
Beth,Booth,beth.booth@corciman.com,(898) 569-9442
Barrie D.,Black,barried.black@corciman.com,(335) 852-9785
Tom,Wilson,tom.wilson@corciman.com,(364) 464-4852
Shinichi,Square,shinichi.square@corciman.com,(157) 919-6303
Brian,Browne,brian.browne@corciman.com,(524) 994-5277
Brian G.,Browne,briang.browne@corciman.com,(571) 143-9588
Gary,Gerber,gary.gerber@corciman.com,(654) 761-3153
Steven B.,Swezey,stevenb.swezey@corciman.com,(230) 140-9462
Mark,Neinast,mark.neinast@corciman.com,(747) 167-8425
Laura Denise,Mandel,lauradenise.mandel@corciman.com,(816) 937-4451
Emily,Fuerth,emily.fuerth@corciman.com,(588) 405-1468
Mark David,Nielsen,markdavid.nielsen@corciman.com,(324) 819-6409
James M. h.,Hoff,jamesm.h.hoff@corciman.com,(808) 775-9959
Lynn,Meilus,LYNN.MEILUS@CORCIMAN.COM,(956) 689-8292
Greg,Ghossein,greg.ghossein@corciman.com,(757) 285-9890
Beth A.,Bowman,betha.bowman@corciman.com,(370) 284-5004
Lior,Mclean,lior.mclean@corciman.com,(974) 377-8948
Vincent,Yalof,vincent.yalof@corciman.com,(126) 464-6215
Katherine S.,Kovacevic,katherines.kovacevic@corciman.com,(587) 517-1280